folder,file,since,until
upload\admin\language\fr-FR\extension\advertise,google.php,2.0.0,
upload\admin\language\fr-FR\extension\analytics,google.php,1.0.0,
upload\admin\language\fr-FR\extension\captcha,google.php,1.0.0,
upload\admin\language\fr-FR\extension\feed,google_base.php,1.0.0,
upload\admin\language\fr-FR\extension\feed,google_sitemap.php,1.0.0,
upload\admin\language\fr-FR\extension\feed,openbaypro.php,1.0.0,3.0.0
upload\admin\language\fr-FR\extension\fraud,fraudlabspro.php,1.0.0,
upload\admin\language\fr-FR\extension\fraud,maxmind.php,1.0.0,
upload\admin\language\fr-FR\extension\menu,default.php,1.0.0,
upload\admin\language\fr-FR\extension\module,amazon_login.php,1.0.0,
upload\admin\language\fr-FR\extension\module,amazon_pay.php,1.0.0,
upload\admin\language\fr-FR\extension\module,divido_calculator.php,1.0.0,
upload\admin\language\fr-FR\extension\module,ebay_listing.php,1.0.0,3.0.0
upload\admin\language\fr-FR\extension\module,google_hangouts.php,1.0.0,
upload\admin\language\fr-FR\extension\module,klarna_checkout_module.php,1.0.0,
upload\admin\language\fr-FR\extension\module,laybuy_layout.php,1.0.0,
upload\admin\language\fr-FR\extension\module,paypal_smart_button.php,2.1.0,
upload\admin\language\fr-FR\extension\module,pilibaba_button.php,1.0.0,
upload\admin\language\fr-FR\extension\module,pp_braintree_button.php,1.0.0,
upload\admin\language\fr-FR\extension\module,pp_button.php,1.0.0,2.1.0
upload\admin\language\fr-FR\extension\module,pp_login.php,1.0.0,2.1.0
upload\admin\language\fr-FR\extension\module,sagepay_direct_cards.php,1.0.0,
upload\admin\language\fr-FR\extension\module,sagepay_server_cards.php,1.0.0,
upload\admin\language\fr-FR\extension\openbay,amazon.php,1.0.0,3.0.0
upload\admin\language\fr-FR\extension\openbay,amazon_bulk_linking.php,1.0.0,3.0.0
upload\admin\language\fr-FR\extension\openbay,amazon_bulk_listing.php,1.0.0,3.0.0
upload\admin\language\fr-FR\extension\openbay,amazon_links.php,1.0.0,3.0.0
upload\admin\language\fr-FR\extension\openbay,amazon_listing.php,1.0.0,3.0.0
upload\admin\language\fr-FR\extension\openbay,amazon_listingsaved.php,1.0.0,3.0.0
upload\admin\language\fr-FR\extension\openbay,amazon_settings.php,1.0.0,3.0.0
upload\admin\language\fr-FR\extension\openbay,amazon_stockupdates.php,1.0.0,3.0.0
upload\admin\language\fr-FR\extension\openbay,amazon_subscription.php,1.0.0,3.0.0
upload\admin\language\fr-FR\extension\openbay,amazonus.php,1.0.0,3.0.0
upload\admin\language\fr-FR\extension\openbay,amazonus_bulk_linking.php,1.0.0,3.0.0
upload\admin\language\fr-FR\extension\openbay,amazonus_bulk_listing.php,1.0.0,3.0.0
upload\admin\language\fr-FR\extension\openbay,amazonus_links.php,1.0.0,3.0.0
upload\admin\language\fr-FR\extension\openbay,amazonus_listing.php,1.0.0,3.0.0
upload\admin\language\fr-FR\extension\openbay,amazonus_listingsaved.php,1.0.0,3.0.0
upload\admin\language\fr-FR\extension\openbay,amazonus_settings.php,1.0.0,3.0.0
upload\admin\language\fr-FR\extension\openbay,amazonus_stockupdates.php,1.0.0,3.0.0
upload\admin\language\fr-FR\extension\openbay,amazonus_subscription.php,1.0.0,3.0.0
upload\admin\language\fr-FR\extension\openbay,ebay.php,1.0.0,3.0.0
upload\admin\language\fr-FR\extension\openbay,ebay_edit.php,1.0.0,3.0.0
upload\admin\language\fr-FR\extension\openbay,ebay_import.php,1.0.0,3.0.0
upload\admin\language\fr-FR\extension\openbay,ebay_links.php,1.0.0,3.0.0
upload\admin\language\fr-FR\extension\openbay,ebay_new.php,1.0.0,3.0.0
upload\admin\language\fr-FR\extension\openbay,ebay_newbulk.php,1.0.0,3.0.0
upload\admin\language\fr-FR\extension\openbay,ebay_orders.php,1.0.0,3.0.0
upload\admin\language\fr-FR\extension\openbay,ebay_profile.php,1.0.0,3.0.0
upload\admin\language\fr-FR\extension\openbay,ebay_settings.php,1.0.0,3.0.0
upload\admin\language\fr-FR\extension\openbay,ebay_subscription.php,1.0.0,3.0.0
upload\admin\language\fr-FR\extension\openbay,ebay_summary.php,1.0.0,3.0.0
upload\admin\language\fr-FR\extension\openbay,ebay_syncronise.php,1.0.0,3.0.0
upload\admin\language\fr-FR\extension\openbay,ebay_template.php,1.0.0,3.0.0
upload\admin\language\fr-FR\extension\openbay,ebay_usage.php,1.0.0,3.0.0
upload\admin\language\fr-FR\extension\openbay,etsy.php,1.0.0,3.0.0
upload\admin\language\fr-FR\extension\openbay,etsy_create.php,1.0.0,3.0.0
upload\admin\language\fr-FR\extension\openbay,etsy_edit.php,1.0.0,3.0.0
upload\admin\language\fr-FR\extension\openbay,etsy_links.php,1.0.0,3.0.0
upload\admin\language\fr-FR\extension\openbay,etsy_listings.php,1.0.0,3.0.0
upload\admin\language\fr-FR\extension\openbay,etsy_settings.php,1.0.0,3.0.0
upload\admin\language\fr-FR\extension\openbay,fba.php,1.0.0,3.0.0
upload\admin\language\fr-FR\extension\openbay,fba_fulfillment.php,1.0.0,3.0.0
upload\admin\language\fr-FR\extension\openbay,fba_fulfillment_list.php,1.0.0,3.0.0
upload\admin\language\fr-FR\extension\openbay,fba_order.php,1.0.0,3.0.0
upload\admin\language\fr-FR\extension\openbay,fba_settings.php,1.0.0,3.0.0
upload\admin\language\fr-FR\extension\openbay,openbay_itemlist.php,1.0.0,3.0.0
upload\admin\language\fr-FR\extension\openbay,openbay_menu.php,1.0.0,3.0.0
upload\admin\language\fr-FR\extension\openbay,openbay_order.php,1.0.0,3.0.0
upload\admin\language\fr-FR\extension\payment,alipay.php,1.0.0,
upload\admin\language\fr-FR\extension\payment,alipay_cross.php,1.0.0,
upload\admin\language\fr-FR\extension\payment,amazon_login_pay.php,1.0.0,
upload\admin\language\fr-FR\extension\payment,authorizenet_aim.php,1.0.0,
upload\admin\language\fr-FR\extension\payment,authorizenet_sim.php,1.0.0,
upload\admin\language\fr-FR\extension\payment,bluepay_hosted.php,1.0.0,
upload\admin\language\fr-FR\extension\payment,bluepay_redirect.php,1.0.0,
upload\admin\language\fr-FR\extension\payment,cardconnect.php,1.0.0,
upload\admin\language\fr-FR\extension\payment,cardinity.php,1.0.0,
upload\admin\language\fr-FR\extension\payment,divido.php,1.0.0,
upload\admin\language\fr-FR\extension\payment,eway.php,1.0.0,
upload\admin\language\fr-FR\extension\payment,firstdata.php,1.0.0,
upload\admin\language\fr-FR\extension\payment,firstdata_remote.php,1.0.0,
upload\admin\language\fr-FR\extension\payment,g2apay.php,1.0.0,
upload\admin\language\fr-FR\extension\payment,globalpay.php,1.0.0,
upload\admin\language\fr-FR\extension\payment,globalpay_remote.php,1.0.0,
upload\admin\language\fr-FR\extension\payment,klarna_account.php,1.0.0,
upload\admin\language\fr-FR\extension\payment,klarna_checkout.php,1.0.0,
upload\admin\language\fr-FR\extension\payment,klarna_invoice.php,1.0.0,
upload\admin\language\fr-FR\extension\payment,laybuy.php,1.0.0,
upload\admin\language\fr-FR\extension\payment,liqpay.php,1.0.0,
upload\admin\language\fr-FR\extension\payment,nochex.php,1.0.0,
upload\admin\language\fr-FR\extension\payment,paymate.php,1.0.0,
upload\admin\language\fr-FR\extension\payment,paypal.php,2.1.0,
upload\admin\language\fr-FR\extension\payment,paypoint.php,1.0.0,
upload\admin\language\fr-FR\extension\payment,payza.php,1.0.0,
upload\admin\language\fr-FR\extension\payment,perpetual_payments.php,1.0.0,
upload\admin\language\fr-FR\extension\payment,pilibaba.php,1.0.0,
upload\admin\language\fr-FR\extension\payment,pp_braintree.php,1.0.0,
upload\admin\language\fr-FR\extension\payment,pp_express.php,2.2.0,
upload\admin\language\fr-FR\extension\payment,pp_express_order.php,2.2.0,
upload\admin\language\fr-FR\extension\payment,pp_express_refund.php,2.2.0,
upload\admin\language\fr-FR\extension\payment,pp_express_search.php,2.2.0,
upload\admin\language\fr-FR\extension\payment,pp_express_view.php,2.2.0,
upload\admin\language\fr-FR\extension\payment,pp_payflow.php,2.2.0,
upload\admin\language\fr-FR\extension\payment,pp_payflow_iframe.php,2.2.0,
upload\admin\language\fr-FR\extension\payment,pp_pro.php,2.2.0,
upload\admin\language\fr-FR\extension\payment,pp_pro_iframe.php,2.2.0,
upload\admin\language\fr-FR\extension\payment,pp_standard.php,2.2.0,
upload\admin\language\fr-FR\extension\payment,realex.php,1.0.0,
upload\admin\language\fr-FR\extension\payment,realex_remote.php,1.0.0,
upload\admin\language\fr-FR\extension\payment,sagepay_direct.php,1.0.0,
upload\admin\language\fr-FR\extension\payment,sagepay_server.php,1.0.0,
upload\admin\language\fr-FR\extension\payment,sagepay_us.php,1.0.0,
upload\admin\language\fr-FR\extension\payment,securetrading_pp.php,1.0.0,
upload\admin\language\fr-FR\extension\payment,securetrading_ws.php,1.0.0,
upload\admin\language\fr-FR\extension\payment,skrill.php,1.0.0,
upload\admin\language\fr-FR\extension\payment,squareup.php,1.0.0,
upload\admin\language\fr-FR\extension\payment,twocheckout.php,1.0.0,
upload\admin\language\fr-FR\extension\payment,web_payment_software.php,1.0.0,
upload\admin\language\fr-FR\extension\payment,wechat_pay.php,1.0.0,
upload\admin\language\fr-FR\extension\payment,worldpay.php,1.0.0,
upload\admin\language\fr-FR\extension\shipping,auspost.php,1.0.0,
upload\admin\language\fr-FR\extension\shipping,citylink.php,1.0.0,2.0.0
upload\admin\language\fr-FR\extension\shipping,ec_ship.php,1.0.0,
upload\admin\language\fr-FR\extension\shipping,fedex.php,1.0.0,
upload\admin\language\fr-FR\extension\shipping,parcelforce_48.php,1.0.0,
upload\admin\language\fr-FR\extension\shipping,royal_mail.php,1.0.0,
upload\admin\language\fr-FR\extension\shipping,ups.php,1.0.0,
upload\admin\language\fr-FR\extension\shipping,usps.php,1.0.0,
upload\admin\language\fr-FR\extension\total,klarna_fee.php,1.0.0,
upload\admin\language\fr-FR\marketplace,openbay.php,1.0.0,3.0.0
upload\catalog\language\fr-FR\extension\advertise,google.php,2.0.0,
upload\catalog\language\fr-FR\extension\captcha,google.php,1.0.0,
upload\catalog\language\fr-FR\extension\credit_card,sagepay_direct.php,1.0.0,
upload\catalog\language\fr-FR\extension\credit_card,sagepay_server.php,1.0.0,
upload\catalog\language\fr-FR\extension\credit_card,squareup.php,1.0.0,
upload\catalog\language\fr-FR\extension\module,amazon_login.php,1.0.0,
upload\catalog\language\fr-FR\extension\module,amazon_pay.php,1.0.0,
upload\catalog\language\fr-FR\extension\module,divido_calculator.php,1.0.0,
upload\catalog\language\fr-FR\extension\module,ebay_listing.php,1.0.0,4.0.0
upload\catalog\language\fr-FR\extension\module,google_hangouts.php,1.0.0,
upload\catalog\language\fr-FR\extension\module,laybuy_layout.php,1.0.0,
upload\catalog\language\fr-FR\extension\module,paypal_smart_button.php,2.1.0,
upload\catalog\language\fr-FR\extension\module,pilibaba_button.php,4.0.0,
upload\catalog\language\fr-FR\extension\openbay,amazon_order.php,1.0.0,4.0.0
upload\catalog\language\fr-FR\extension\openbay,amazonus_order.php,1.0.0,4.0.0
upload\catalog\language\fr-FR\extension\openbay,ebay_order.php,1.0.0,4.0.0
upload\catalog\language\fr-FR\extension\openbay,etsy_order.php,1.0.0,4.0.0
upload\catalog\language\fr-FR\extension\payment,alipay.php,1.0.0,
upload\catalog\language\fr-FR\extension\payment,alipay_cross.php,1.0.0,
upload\catalog\language\fr-FR\extension\payment,amazon_login_pay.php,1.0.0,
upload\catalog\language\fr-FR\extension\payment,authorizenet_aim.php,1.0.0,
upload\catalog\language\fr-FR\extension\payment,authorizenet_sim.php,1.0.0,
upload\catalog\language\fr-FR\extension\payment,bluepay_hosted.php,1.0.0,
upload\catalog\language\fr-FR\extension\payment,bluepay_redirect.php,1.0.0,
upload\catalog\language\fr-FR\extension\payment,cardconnect.php,1.0.0,
upload\catalog\language\fr-FR\extension\payment,cardinity.php,1.0.0,
upload\catalog\language\fr-FR\extension\payment,divido.php,1.0.0,
upload\catalog\language\fr-FR\extension\payment,eway.php,1.0.0,
upload\catalog\language\fr-FR\extension\payment,firstdata.php,1.0.0,
upload\catalog\language\fr-FR\extension\payment,firstdata_remote.php,1.0.0,
upload\catalog\language\fr-FR\extension\payment,g2apay.php,1.0.0,
upload\catalog\language\fr-FR\extension\payment,globalpay.php,1.0.0,
upload\catalog\language\fr-FR\extension\payment,globalpay_remote.php,1.0.0,
upload\catalog\language\fr-FR\extension\payment,klarna_account.php,1.0.0,
upload\catalog\language\fr-FR\extension\payment,klarna_checkout.php,1.0.0,
upload\catalog\language\fr-FR\extension\payment,klarna_invoice.php,1.0.0,
upload\catalog\language\fr-FR\extension\payment,laybuy.php,1.0.0,
upload\catalog\language\fr-FR\extension\payment,liqpay.php,1.0.0,
upload\catalog\language\fr-FR\extension\payment,nochex.php,1.0.0,
upload\catalog\language\fr-FR\extension\payment,paymate.php,1.0.0,
upload\catalog\language\fr-FR\extension\payment,paypal.php,2.1.0,
upload\catalog\language\fr-FR\extension\payment,paypoint.php,1.0.0,
upload\catalog\language\fr-FR\extension\payment,payza.php,1.0.0,
upload\catalog\language\fr-FR\extension\payment,perpetual_payments.php,1.0.0,
upload\catalog\language\fr-FR\extension\payment,pilibaba.php,1.0.0,
upload\catalog\language\fr-FR\extension\payment,pp_braintree.php,1.0.0,
upload\catalog\language\fr-FR\extension\payment,pp_express.php,2.2.0,
upload\catalog\language\fr-FR\extension\payment,pp_payflow.php,2.2.0,
upload\catalog\language\fr-FR\extension\payment,pp_payflow_iframe.php,2.2.0,
upload\catalog\language\fr-FR\extension\payment,pp_pro.php,2.2.0,
upload\catalog\language\fr-FR\extension\payment,pp_pro_iframe.php,2.2.0,
upload\catalog\language\fr-FR\extension\payment,pp_standard.php,2.2.0,
upload\catalog\language\fr-FR\extension\payment,realex.php,1.0.0,
upload\catalog\language\fr-FR\extension\payment,realex_remote.php,1.0.0,
upload\catalog\language\fr-FR\extension\payment,sagepay_direct.php,1.0.0,
upload\catalog\language\fr-FR\extension\payment,sagepay_server.php,1.0.0,
upload\catalog\language\fr-FR\extension\payment,sagepay_us.php,1.0.0,
upload\catalog\language\fr-FR\extension\payment,securetrading_pp.php,1.0.0,
upload\catalog\language\fr-FR\extension\payment,securetrading_ws.php,1.0.0,
upload\catalog\language\fr-FR\extension\payment,skrill.php,1.0.0,
upload\catalog\language\fr-FR\extension\payment,squareup.php,1.0.0,
upload\catalog\language\fr-FR\extension\payment,twocheckout.php,1.0.0,
upload\catalog\language\fr-FR\extension\payment,web_payment_software.php,1.0.0,
upload\catalog\language\fr-FR\extension\payment,wechat_pay.php,1.0.0,
upload\catalog\language\fr-FR\extension\payment,worldpay.php,1.0.0,
upload\catalog\language\fr-FR\extension\recurring,pp_express.php,1.0.0,
upload\catalog\language\fr-FR\extension\recurring,squareup.php,1.0.0,
upload\catalog\language\fr-FR\extension\shipping,auspost.php,1.0.0,
upload\catalog\language\fr-FR\extension\shipping,citylink.php,1.0.0,2.0.0
upload\catalog\language\fr-FR\extension\shipping,ec_ship.php,1.0.0,
upload\catalog\language\fr-FR\extension\shipping,fedex.php,1.0.0,
upload\catalog\language\fr-FR\extension\shipping,parcelforce_48.php,1.0.0,
upload\catalog\language\fr-FR\extension\shipping,pilibaba.php,1.0.0,
upload\catalog\language\fr-FR\extension\shipping,royal_mail.php,1.0.0,
upload\catalog\language\fr-FR\extension\shipping,ups.php,1.0.0,
upload\catalog\language\fr-FR\extension\shipping,usps.php,1.0.0,
upload\catalog\language\fr-FR\extension\total,klarna_fee.php,1.0.0,